input,response
What is the process to file a claim?,"To file a claim, please visit our website and fill out the claim form. You can also call our customer service for assistance."
How can I check the status of my claim?,You can check the status of your claim by logging into your account on our website or by calling our customer service.
What documents are required to file a claim?,"The required documents to file a claim include your policy number, a completed claim form, and any relevant supporting documents such as medical reports or police reports."
How long does it take to process a claim?,"The processing time for a claim varies depending on the complexity of the case. Generally, it takes about 7-10 business days."
Can I file a claim online?,"Yes, you can file a claim online by visiting our website and filling out the claim form."
What is the customer service number?,Our customer service number is 1-800-123-4567. We are available 24/7 to assist you.
How can I update my contact information?,You can update your contact information by logging into your account on our website or by calling our customer service.
What is the policy renewal process?,"To renew your policy, please log into your account on our website and follow the renewal instructions. You can also call our customer service for assistance."
Can I cancel my policy?,"Yes, you can cancel your policy by contacting our customer service. Please note that cancellation fees may apply."
What is the grace period for premium payment?,"The grace period for premium payment is 30 days from the due date. During this period, your policy remains active."
How can I make a premium payment?,"You can make a premium payment online through our website, by phone, or by mailing a check to our office."
What is covered under my policy?,Coverage details vary depending on your policy. Please refer to your policy documents or contact our customer service for specific coverage information.
How can I get a copy of my policy documents?,You can download a copy of your policy documents by logging into your account on our website or by contacting our customer service.
What is the deductible for my policy?,The deductible amount varies depending on your policy. Please refer to your policy documents or contact our customer service for specific information.
Can I add a beneficiary to my policy?,"Yes, you can add a beneficiary to your policy by logging into your account on our website or by contacting our customer service."
What is the process to change my beneficiary?,"To change your beneficiary, please log into your account on our website and update the beneficiary information. You can also contact our customer service for assistance."
How can I get a quote for a new policy?,You can get a quote for a new policy by visiting our website and filling out the quote form. You can also call our customer service for assistance.
What is the difference between term and whole life insurance?,"Term life insurance provides coverage for a specific period, while whole life insurance provides coverage for your entire life. Whole life insurance also has a cash value component."
Can I convert my term policy to a whole life policy?,"Yes, you can convert your term policy to a whole life policy. Please contact our customer service for more information on the conversion process."
What is the cash value of my whole life policy?,The cash value of your whole life policy depends on the premiums paid and the duration of the policy. Please refer to your policy documents or contact our customer service for specific information.
How can I access the cash value of my policy?,You can access the cash value of your policy by taking a policy loan or by making a withdrawal. Please contact our customer service for more information.
What is the surrender value of my policy?,The surrender value of your policy is the amount you will receive if you cancel your policy before it matures. Please refer to your policy documents or contact our customer service for specific information.
Can I reinstate a lapsed policy?,"Yes, you can reinstate a lapsed policy within a certain period by paying the overdue premiums and providing evidence of insurability. Please contact our customer service for more information."
What is the process to file a complaint?,"To file a complaint, please contact our customer service and provide details of your complaint. We will investigate the matter and get back to you as soon as possible."
How can I contact the claims department?,You can contact the claims department by calling our customer service number or by emailing claims@insurancecompany.com.
What is the waiting period for my policy?,The waiting period for your policy varies depending on the type of coverage. Please refer to your policy documents or contact our customer service for specific information.
Can I change my payment method?,"Yes, you can change your payment method by logging into your account on our website or by contacting our customer service."
What is the process to update my policy information?,"To update your policy information, please log into your account on our website and make the necessary changes. You can also contact our customer service for assistance."
How can I get a refund for my premium payment?,"To request a refund for your premium payment, please contact our customer service. Refunds are subject to the terms and conditions of your policy."
What is the policy term for my insurance?,The policy term for your insurance varies depending on the type of coverage. Please refer to your policy documents or contact our customer service for specific information.
Can I transfer my policy to another person?,"Yes, you can transfer your policy to another person by completing a policy transfer form. Please contact our customer service for more information."
What is the process to add a rider to my policy?,"To add a rider to your policy, please log into your account on our website and select the desired rider. You can also contact our customer service for assistance."
How can I get a discount on my premium?,"You may be eligible for a discount on your premium based on factors such as your age, health, and policy type. Please contact our customer service for more information."
What is the policy number for my insurance?,Your policy number can be found on your policy documents or by logging into your account on our website. You can also contact our customer service for assistance.
Can I get a duplicate copy of my policy?,"Yes, you can request a duplicate copy of your policy by logging into your account on our website or by contacting our customer service."
What is the process to change my policy coverage?,"To change your policy coverage, please log into your account on our website and update the coverage details. You can also contact our customer service for assistance."
How can I get a list of network hospitals?,You can get a list of network hospitals by visiting our website or by contacting our customer service.
What is the process to file a health insurance claim?,"To file a health insurance claim, please visit our website and fill out the claim form. You can also call our customer service for assistance."
What is the coverage for pre-existing conditions?,Coverage for pre-existing conditions varies depending on your policy. Please refer to your policy documents or contact our customer service for specific information.
Can I get coverage for my family members?,"Yes, you can get coverage for your family members by adding them to your policy. Please contact our customer service for more information."
What is the process to renew my health insurance policy?,"To renew your health insurance policy, please log into your account on our website and follow the renewal instructions. You can also call our customer service for assistance."
How can I get a health insurance quote?,You can get a health insurance quote by visiting our website and filling out the quote form. You can also call our customer service for assistance.
What is the waiting period for maternity coverage?,The waiting period for maternity coverage varies depending on your policy. Please refer to your policy documents or contact our customer service for specific information.
Can I get coverage for dental expenses?,Coverage for dental expenses varies depending on your policy. Please refer to your policy documents or contact our customer service for specific information.
What is the process to file a travel insurance claim?,"To file a travel insurance claim, please visit our website and fill out the claim form. You can also call our customer service for assistance."
What is covered under travel insurance?,"Travel insurance typically covers trip cancellations, medical emergencies, lost luggage, and other travel-related issues. Please refer to your policy documents for specific coverage details."
Can I extend my travel insurance policy?,"Yes, you can extend your travel insurance policy by contacting our customer service before your current policy expires."
What is the process to cancel my travel insurance policy?,"To cancel your travel insurance policy, please contact our customer service. Cancellation fees may apply depending on the terms of your policy."
How can I get a travel insurance quote?,You can get a travel insurance quote by visiting our website and filling out the quote form. You can also call our customer service for assistance.
What is the coverage for trip cancellations?,Coverage for trip cancellations varies depending on your policy. Please refer to your policy documents or contact our customer service for specific information.
Can I get coverage for lost luggage?,"Yes, travel insurance typically covers lost luggage. Please refer to your policy documents for specific coverage details."
What is the process to file a home insurance claim?,"To file a home insurance claim, please visit our website and fill out the claim form. You can also call our customer service for assistance."
What is covered under home insurance?,"Home insurance typically covers damage to your home and personal property, as well as liability for accidents that occur on your property. Please refer to your policy documents for specific coverage details."
Can I get coverage for natural disasters?,Coverage for natural disasters varies depending on your policy. Please refer to your policy documents or contact our customer service for specific information.
What is the process to renew my home insurance policy?,"To renew your home insurance policy, please log into your account on our website and follow the renewal instructions. You can also call our customer service for assistance."
How can I get a home insurance quote?,You can get a home insurance quote by visiting our website and filling out the quote form. You can also call our customer service for assistance.
What is the deductible for home insurance?,The deductible amount for home insurance varies depending on your policy. Please refer to your policy documents or contact our customer service for specific information.
Can I get coverage for my personal belongings?,"Yes, home insurance typically covers personal belongings. Please refer to your policy documents for specific coverage details."
What is the process to file an auto insurance claim?,"To file an auto insurance claim, please visit our website and fill out the claim form. You can also call our customer service for assistance."
What is covered under auto insurance?,"Auto insurance typically covers damage to your vehicle, liability for accidents, and medical expenses. Please refer to your policy documents for specific coverage details."
Can I get coverage for rental cars?,"Yes, auto insurance can cover rental cars. Please refer to your policy documents or contact our customer service for specific information."
What is the process to renew my auto insurance policy?,"To renew your auto insurance policy, please log into your account on our website and follow the renewal instructions. You can also call our customer service for assistance."
How can I get an auto insurance quote?,You can get an auto insurance quote by visiting our website and filling out the quote form. You can also call our customer service for assistance.
What is the deductible for auto insurance?,The deductible amount for auto insurance varies depending on your policy. Please refer to your policy documents or contact our customer service for specific information.
Can I get coverage for uninsured motorists?,"Yes, auto insurance can cover uninsured motorists. Please refer to your policy documents or contact our customer service for specific information."
What is the process to add a driver to my auto insurance policy?,"To add a driver to your auto insurance policy, please log into your account on our website and update the driver information. You can also contact our customer service for assistance."
How can I get a discount on my auto insurance premium?,"You may be eligible for a discount on your auto insurance premium based on factors such as your driving record, vehicle safety features, and policy type. Please contact our customer service for more information."
What is the policy number for my auto insurance?,Your policy number can be found on your policy documents or by logging into your account on our website. You can also contact our customer service for assistance.
Can I get a duplicate copy of my auto insurance policy?,"Yes, you can request a duplicate copy of your auto insurance policy by logging into your account on our website or by contacting our customer service."
What is the process to change my auto insurance coverage?,"To change your auto insurance coverage, please log into your account on our website and update the coverage details. You can also contact our customer service for assistance."
How can I get a list of preferred repair shops?,You can get a list of preferred repair shops by visiting our website or by contacting our customer service.
What is the process to file a life insurance claim?,"To file a life insurance claim, please visit our website and fill out the claim form. You can also call our customer service for assistance."
What is covered under life insurance?,Life insurance provides a death benefit to your beneficiaries in the event of your passing. Please refer to your policy documents for specific coverage details.
Can I get coverage for critical illness?,"Yes, life insurance can include coverage for critical illness. Please refer to your policy documents or contact our customer service for specific information."
What is the process to renew my life insurance policy?,"To renew your life insurance policy, please log into your account on our website and follow the renewal instructions. You can also call our customer service for assistance."
How can I get a life insurance quote?,You can get a life insurance quote by visiting our website and filling out the quote form. You can also call our customer service for assistance.
What is the waiting period for life insurance?,The waiting period for life insurance varies depending on your policy. Please refer to your policy documents or contact our customer service for specific information.
Can I get coverage for accidental death?,"Yes, life insurance can include coverage for accidental death. Please refer to your policy documents or contact our customer service for specific information."
What is the process to add a rider to my life insurance policy?,"To add a rider to your life insurance policy, please log into your account on our website and select the desired rider. You can also contact our customer service for assistance."
How can I get a discount on my life insurance premium?,"You may be eligible for a discount on your life insurance premium based on factors such as your age, health, and policy type. Please contact our customer service for more information."
What is the policy number for my life insurance?,Your policy number can be found on your policy documents or by logging into your account on our website. You can also contact our customer service for assistance.
Can I get a duplicate copy of my life insurance policy?,"Yes, you can request a duplicate copy of your life insurance policy by logging into your account on our website or by contacting our customer service."
What is the process to change my life insurance coverage?,"To change your life insurance coverage, please log into your account on our website and update the coverage details. You can also contact our customer service for assistance."
How can I get a list of network hospitals for my health insurance?,You can get a list of network hospitals by visiting our website or by contacting our customer service.
What is the process to file a health insurance claim?,"To file a health insurance claim, please visit our website and fill out the claim form. You can also call our customer service for assistance."
What is the coverage for pre-existing conditions?,Coverage for pre-existing conditions varies depending on your policy. Please refer to your policy documents or contact our customer service for specific information.
Can I get coverage for my family members?,"Yes, you can get coverage for your family members by adding them to your policy. Please contact our customer service for more information."
What is the process to renew my health insurance policy?,"To renew your health insurance policy, please log into your account on our website and follow the renewal instructions. You can also call our customer service for assistance."
How can I get a health insurance quote?,You can get a health insurance quote by visiting our website and filling out the quote form. You can also call our customer service for assistance.
What is the waiting period for maternity coverage?,The waiting period for maternity coverage varies depending on your policy. Please refer to your policy documents or contact our customer service for specific information.
Can I get coverage for dental expenses?,Coverage for dental expenses varies depending on your policy. Please refer to your policy documents or contact our customer service for specific information.
What is the process to file a travel insurance claim?,"To file a travel insurance claim, please visit our website and fill out the claim form. You can also call our customer service for assistance."
What is covered under travel insurance?,"Travel insurance typically covers trip cancellations, medical emergencies, lost luggage, and other travel-related issues. Please refer to your policy documents for specific coverage details."
Can I extend my travel insurance policy?,"Yes, you can extend your travel insurance policy by contacting our customer service before your current policy expires."
What is the process to cancel my travel insurance policy?,"To cancel your travel insurance policy, please contact our customer service. Cancellation fees may apply depending on the terms of your policy."
How can I get a travel insurance quote?,You can get a travel insurance quote by visiting our website and filling out the quote form. You can also call our customer service for assistance.
What is the coverage for trip cancellations?,Coverage for trip cancellations varies depending on your policy. Please refer to your policy documents or contact our customer service for specific information.
Can I get coverage for lost luggage?,"Yes, travel insurance typically covers lost luggage. Please refer to your policy documents for specific coverage details."
What is the process to file a home insurance claim?,"To file a home insurance claim, please visit our website and fill out the claim form. You can also call our customer service for assistance."
What is covered under home insurance?,"Home insurance typically covers damage to your home and personal property, as well as liability for accidents that occur on your property. Please refer to your policy documents for specific coverage details."
Can I get coverage for natural disasters?,Coverage for natural disasters varies depending on your policy. Please refer to your policy documents or contact our customer service for specific information.
What is the process to renew my home insurance policy?,"To renew your home insurance policy, please log into your account on our website and follow the renewal instructions. You can also call our customer service for assistance."
How can I get a home insurance quote?,You can get a home insurance quote by visiting our website and filling out the quote form. You can also call our customer service for assistance.
What is the deductible for home insurance?,The deductible amount for home insurance varies depending on your policy. Please refer to your policy documents or contact our customer service for specific information.
Can I get coverage for my personal belongings?,"Yes, home insurance typically covers personal belongings. Please refer to your policy documents for specific coverage details."
What is the process to file an auto insurance claim?,"To file an auto insurance claim, please visit our website and fill out the claim form. You can also call our customer service for assistance."
What is covered under auto insurance?,"Auto insurance typically covers damage to your vehicle, liability for accidents, and medical expenses. Please refer to your policy documents for specific coverage details."
Can I get coverage for rental cars?,"Yes, auto insurance can cover rental cars. Please refer to your policy documents or contact our customer service for specific information."
What is the process to renew my auto insurance policy?,"To renew your auto insurance policy, please log into your account on our website and follow the renewal instructions. You can also call our customer service for assistance."
How can I get an auto insurance quote?,You can get an auto insurance quote by visiting our website and filling out the quote form. You can also call our customer service for assistance.
What is the deductible for auto insurance?,The deductible amount for auto insurance varies depending on your policy. Please refer to your policy documents or contact our customer service for specific information.
Can I get coverage for uninsured motorists?,"Yes, auto insurance can cover uninsured motorists. Please refer to your policy documents or contact our customer service for specific information."
What is the process to add a driver to my auto insurance policy?,"To add a driver to your auto insurance policy, please log into your account on our website and update the driver information. You can also contact our customer service for assistance."
How can I get a discount on my auto insurance premium?,"You may be eligible for a discount on your auto insurance premium based on factors such as your driving record, vehicle safety features, and policy type. Please contact our customer service for more information."
What is the policy number for my auto insurance?,Your policy number can be found on your policy documents or by logging into your account on our website. You can also contact our customer service for assistance.
Can I get a duplicate copy of my auto insurance policy?,"Yes, you can request a duplicate copy of your auto insurance policy by logging into your account on our website or by contacting our customer service."
What is the process to change my auto insurance coverage?,"To change your auto insurance coverage, please log into your account on our website and update the coverage details. You can also contact our customer service for assistance."
How can I get a list of preferred repair shops?,You can get a list of preferred repair shops by visiting our website or by contacting our customer service.
What is the process to file a life insurance claim?,"To file a life insurance claim, please visit our website and fill out the claim form. You can also call our customer service for assistance."
What is covered under life insurance?,Life insurance provides a death benefit to your beneficiaries in the event of your passing. Please refer to your policy documents for specific coverage details.
Can I get coverage for critical illness?,"Yes, life insurance can include coverage for critical illness. Please refer to your policy documents or contact our customer service for specific information."
What is the process to renew my life insurance policy?,"To renew your life insurance policy, please log into your account on our website and follow the renewal instructions. You can also call our customer service for assistance."
How can I get a life insurance quote?,You can get a life insurance quote by visiting our website and filling out the quote form. You can also call our customer service for assistance.
What is the waiting period for life insurance?,The waiting period for life insurance varies depending on your policy. Please refer to your policy documents or contact our customer service for specific information.
Can I get coverage for accidental death?,"Yes, life insurance can include coverage for accidental death. Please refer to your policy documents or contact our customer service for specific information."
What is the process to add a rider to my life insurance policy?,"To add a rider to your life insurance policy, please log into your account on our website and select the desired rider. You can also contact our customer service for assistance."
